series_index,aic,bic
0,12.085826373427057,18.307218619384713
1,-42.73419712559732,-36.51280487963967
2,-87.72044506102095,-81.4990528150633
3,27.454691439560946,33.6760836855186
