Caused,Causing,F-stat,p-value
y1,"y2, y3, y4, y5",0.9103921261568999,0.5355792714060635
y2,"y1, y3, y4, y5",0.6391634593758226,0.8100585503219102
y3,"y1, y2, y4, y5",0.6066762113061372,0.8382471276552028
y4,"y1, y2, y3, y5",0.9734108846293665,0.47199905311911483
y5,"y1, y2, y3, y4",0.27293435791677984,0.9932215425613657
